Workbook

Sheet Overview
B2: Cleaning Messy Data in Excel
B3: A small example that shows how I tidy up raw data with plain formulas.
B5: What this is
B6: This workbook takes a messy list of orders and turns it into clean, tidy data. The orders are made up, and the topic does not really matter. What I want to show is the method, and that I can do it in everyday Excel with no add ons.
B8: What is inside
B9: Raw Data. The messy starting point, much like a real export.
B10: Cleaning Process. A short write up of what gets fixed, and how.
B11: Cleaned Data. The tidy result, built only from formulas.
B13: What gets fixed
B14: Names typed in odd capitals. Spare spaces here and there. Emails written in shouting capitals. Dates in four different styles. Country names spelled all sorts of ways. Prices with a dollar sign stuck on. Numbers saved as text. There is even a duplicate row hiding in the list.
B16: Why formulas
B17: Every clean cell points back to a raw cell. So when you change something in the raw sheet, the clean sheet updates on its own. Nothing is patched by hand, and you can run the whole thing again on fresh data any time.
B19: Tip: open the sheets in order, from left to right.

Sheet Raw Data
A1: order_id | B1: customer_name | C1: email | D1: order_date | E1: country | F1: product | G1: quantity | H1: unit_price | I1: status
A2: ord-001 | B2: john smith | C2: JOHN.SMITH@EMAIL.COM | D2: 2024-03-01 | E2: USA | F2: widget | G2: 3 | H2: 12.5 | I2: paid
A3: ORD-002 | B3: JANE DOE | C3: jane.doe@email.com | D3: 03/05/2024 | E3: U.S.A. | F3: Widget | G3: 5 | H3: 12.5 | I3: Paid
A4: ord-003 | B4: Maria Garcia | C4: MARIA@EMAIL.COM | D4: 7 Mar 2024 | E4: us | F4: gadget | H4: 8 | I4: PAID
A5: Ord-004 | B5: peter jones | C5: peter.jones@email.com | D5: 2024/03/09 | E5: United States | F5: Gadget | G5: 2 | H5: 8 | I5: pending
A6: ORD-005 | B6: li wei | C6: LI.WEI@EMAIL.COM | D6: 12/03/2024 | E6: UK | F6: gizmo | G6: 10 | H6: 15 | I6: p
A7: ord-006 | B7: sara o'neil | C7: SARA@EMAIL.COM | D7: 2024-03-15 | E7: U.K. | F7: Widget | G7: 4 | H7: 12.5 | I7: Pending
A8: ord-007 | B8: tom brown | C8: TOM.BROWN@EMAIL.COM | D8: 18 Mar 2024 | E8: United Kingdom | F8: widget | G8: 1 | H8: 12.5 | I8: unpaid
A9: ORD-008 | B9: anna muller | C9: anna.muller@email.com | D9: 2024-03-20 | E9: germany | F9: gizmo | H9: 15 | I9: paid
A10: ord-009 | B10: JOHN smith | C10: john.smith@email.com | D10: 22/03/2024 | E10: DE | F10: gadget | G10: 6 | H10: 8 | I10: Paid
A11: ord-010 | B11: carlos ruiz | C11: CARLOS@EMAIL.COM | D11: 2024-03-25 | E11: Germany | F11: Gizmo | G11: 3 | H11: 15 | I11: cancelled
A12: ORD-011 | B12: emma watson | C12: emma@email.com | D12: 2024/03/28 | E12: Canada | F12: widget | G12: 8 | H12: 12.5 | I12: paid
A13: ord-012 | B13: raj patel | C13: RAJ.PATEL@EMAIL.COM | D13: 1 Apr 2024 | E13: CA | F13: Gadget | G13: 2 | H13: 8 | I13: PENDING
A14: ord-013 | B14: nina lopez | C14: nina@email.com | D14: 04/03/2024 | E14: usa | F14: gizmo | G14: 5 | I14: paid
A15: Ord-014 | B15: mike ross | C15: MIKE.ROSS@EMAIL.COM | D15: 2024-04-05 | E15: US | F15: Widget | H15: 12.5 | I15: p
A16: ord-015 | B16: lucy kim | C16: lucy.kim@email.com | D16: 8 Apr 2024 | E16: uk | F16: gadget | G16: 7 | H16: 8 | I16: unpaid
A17: ORD-016 | B17: david lee | C17: DAVID@EMAIL.COM | D17: 2024/04/10 | E17: United Kingdom | F17: gizmo | G17: 4 | H17: 15 | I17: Paid
A18: ord-017 | B18: sofia rossi | C18: sofia.rossi@email.com | D18: 04/12/2024 | E18: germany | F18: widget | G18: 9 | H18: 12.5 | I18: paid
A19: ord-018 | B19: ahmed khan | C19: AHMED@EMAIL.COM | D19: 2024-04-15 | E19: Canada | F19: Gadget | G19: 1 | H19: 8 | I19: pending
A20: ord-001 | B20: john smith | C20: JOHN.SMITH@EMAIL.COM | D20: 2024-03-01 | E20: USA | F20: widget | G20: 3 | H20: 12.5 | I20: paid
A21: ORD-019 | B21: grace hall | C21: grace.hall@email.com | D21: 2024/04/20 | E21: CA | F21: Gizmo | G21: 2 | H21: 15 | I21: Cancelled

Sheet Cleaning Process
A1: Cleaning Process
B3: Here is what happens between the raw sheet and the clean sheet:
B4: Each fix below is a formula, so it runs the same way every time you use it.
B5: Text and spacing
B6: The order numbers are pushed into capitals and any spare spaces are stripped off. Customer names are tidied so each word starts with a capital, and double spaces shrink to one. Emails come in shouting capitals, so they are pulled down to lower case. Product names get the same gentle tidy up.
B7: Formula: Order ID =UPPER(TRIM('Raw Data'!A2)) Customer =PROPER(TRIM('Raw Data'!B2)) Email =LOWER(TRIM('Raw Data'!C2)) Product =PROPER(TRIM('Raw Data'!F2))
B8: Dates
B9: The raw dates are written in several styles and are really just text. A formula reads each one and turns it into a proper date that Excel understands, so the orders can be sorted and filtered later.
B10: Formula: Order Date =IFERROR(DATEVALUE(TRIM('Raw Data'!D2)),"")
B11: Numbers and prices
B12: Some quantities were saved as text, so they are turned back into real numbers. The prices arrived with a dollar sign attached, which makes Excel treat them as words. The sign is removed and the value becomes a number again. Where a cell was empty, it is left empty rather than guessed.
B13: Formula: Quantity =IF('Raw Data'!G2="","",VALUE('Raw Data'!G2)) Unit Price =IF('Raw Data'!H2="","",VALUE(SUBSTITUTE(TRIM('Raw Data'!H2),"$","")))
B14: Countries and status
... B21: i.e:
B23: Country lookup | E23: Status lookup
B24: Raw | C24: Becomes | E24: Raw | F24: Becomes
B25: USA | C25: United States | E25: PAID | F25: Paid
B26: U.S.A. | C26: United States | E26: P | F26: Paid
B27: US | C27: United States | E27: PENDING | F27: Pending
B28: UNITED STATES | C28: United States | E28: UNPAID | F28: Unpaid
B29: UK | C29: United Kingdom | E29: CANCELLED | F29: Cancelled
B30: U.K. | C30: United Kingdom
B31: UNITED KINGDOM | C31: United Kingdom
B32: GERMANY | C32: Germany
B33: DE | C33: Germany
B34: CANADA | C34: Canada
B35: CA | C35: Canada

Sheet Cleaned Data
A1: Order ID | B1: Customer | C1: Email | D1: Order Date | E1: Country | F1: Product | G1: Quantity | H1: Unit Price | I1: Status | J1: Line Total | K1: Record Status
A2: =UPPER(TRIM('Raw Data'!A2)) -> ORD-001 | B2: =PROPER(TRIM('Raw Data'!B2)) -> John Smith | C2: =LOWER(TRIM('Raw Data'!C2)) -> john.smith@email.com | D2: =IFERROR(DATEVALUE(TRIM('Raw Data'!D2)),"") -> 45352 | E2: =IFERROR(_xlfn.XLOOKUP(UPPER(TRIM('Raw Data'!E2)),'Cleaning Process'!$B$25:$B$35,'Cleaning Process'!$C$25:$C$35),"(unmapped)") -> United States | F2: =PROPER(TRIM('Raw Data'!F2)) -> Widget | G2: =IF('Raw Data'!G2="","",VALUE('Raw Data'!G2)) -> 3 | H2: =IF('Raw Data'!H2="","",VALUE(SUBSTITUTE(TRIM('Raw Data'!H2),"$",""))) -> 12.5 | I2: =IFERROR(_xlfn.XLOOKUP(UPPER(TRIM('Raw Data'!I2)),'Cleaning Process'!$E$25:$E$29,'Cleaning Process'!$F$25:$F$29),"(unmapped)") -> Paid | J2: =IF(OR(G2="",H2=""),"",G2*H2) -> 37.5 | K2: =IF(COUNTIF($A$2:A2,A2)>1,"Duplicate","Valid") -> Valid
A3: =UPPER(TRIM('Raw Data'!A3)) -> ORD-002 | B3: =PROPER(TRIM('Raw Data'!B3)) -> Jane Doe | C3: =LOWER(TRIM('Raw Data'!C3)) -> jane.doe@email.com | D3: =IFERROR(DATEVALUE(TRIM('Raw Data'!D3)),"") -> 45415 | E3: =IFERROR(_xlfn.XLOOKUP(UPPER(TRIM('Raw Data'!E3)),'Cleaning Process'!$B$25:$B$35,'Cleaning Process'!$C$25:$C$35),"(unmapped)") -> United States | F3: =PROPER(TRIM('Raw Data'!F3)) -> Widget | G3: =IF('Raw Data'!G3="","",VALUE('Raw Data'!G3)) -> 5 | H3: =IF('Raw Data'!H3="","",VALUE(SUBSTITUTE(TRIM('Raw Data'!H3),"$",""))) -> 12.5 | I3: =IFERROR(_xlfn.XLOOKUP(UPPER(TRIM('Raw Data'!I3)),'Cleaning Process'!$E$25:$E$29,'Cleaning Process'!$F$25:$F$29),"(unmapped)") -> Paid | J3: =IF(OR(G3="",H3=""),"",G3*H3) -> 62.5 | K3: =IF(COUNTIF($A$2:A3,A3)>1,"Duplicate","Valid") -> Valid
A4: =UPPER(TRIM('Raw Data'!A4)) -> ORD-003 | B4: =PROPER(TRIM('Raw Data'!B4)) -> Maria Garcia | C4: =LOWER(TRIM('Raw Data'!C4)) -> maria@email.com | D4: =IFERROR(DATEVALUE(TRIM('Raw Data'!D4)),"") -> 45358 | E4: =IFERROR(_xlfn.XLOOKUP(UPPER(TRIM('Raw Data'!E4)),'Cleaning Process'!$B$25:$B$35,'Cleaning Process'!$C$25:$C$35),"(unmapped)") -> United States | F4: =PROPER(TRIM('Raw Data'!F4)) -> Gadget | G4: =IF('Raw Data'!G4="","",VALUE('Raw Data'!G4)) | H4: =IF('Raw Data'!H4="","",VALUE(SUBSTITUTE(TRIM('Raw Data'!H4),"$",""))) -> 8 | I4: =IFERROR(_xlfn.XLOOKUP(UPPER(TRIM('Raw Data'!I4)),'Cleaning Process'!$E$25:$E$29,'Cleaning Process'!$F$25:$F$29),"(unmapped)") -> Paid | J4: =IF(OR(G4="",H4=""),"",G4*H4) | K4: =IF(COUNTIF($A$2:A4,A4)>1,"Duplicate","Valid") -> Valid
A5: =UPPER(TRIM('Raw Data'!A5)) -> ORD-004 | B5: =PROPER(TRIM('Raw Data'!B5)) -> Peter Jones | C5: =LOWER(TRIM('Raw Data'!C5)) -> peter.jones@email.com | D5: =IFERROR(DATEVALUE(TRIM('Raw Data'!D5)),"") -> 45360 | E5: =IFERROR(_xlfn.XLOOKUP(UPPER(TRIM('Raw Data'!E5)),'Cleaning Process'!$B$25:$B$35,'Cleaning Process'!$C$25:$C$35),"(unmapped)") -> United States | F5: =PROPER(TRIM('Raw Data'!F5)) -> Gadget | G5: =IF('Raw Data'!G5="","",VALUE('Raw Data'!G5)) -> 2 | H5: =IF('Raw Data'!H5="","",VALUE(SUBSTITUTE(TRIM('Raw Data'!H5),"$",""))) -> 8 | I5: =IFERROR(_xlfn.XLOOKUP(UPPER(TRIM('Raw Data'!I5)),'Cleaning Process'!$E$25:$E$29,'Cleaning Process'!$F$25:$F$29),"(unmapped)") -> Pending | J5: =IF(OR(G5="",H5=""),"",G5*H5) -> 16 | K5: =IF(COUNTIF($A$2:A5,A5)>1,"Duplicate","Valid") -> Valid
A6: =UPPER(TRIM('Raw Data'!A6)) -> ORD-005 | B6: =PROPER(TRIM('Raw Data'!B6)) -> Li Wei | C6: =LOWER(TRIM('Raw Data'!C6)) -> li.wei@email.com | D6: =IFERROR(DATEVALUE(TRIM('Raw Data'!D6)),"") -> 45363 | E6: =IFERROR(_xlfn.XLOOKUP(UPPER(TRIM('Raw Data'!E6)),'Cleaning Process'!$B$25:$B$35,'Cleaning Process'!$C$25:$C$35),"(unmapped)") -> United Kingdom | F6: =PROPER(TRIM('Raw Data'!F6)) -> Gizmo | G6: =IF('Raw Data'!G6="","",VALUE('Raw Data'!G6)) -> 10 | H6: =IF('Raw Data'!H6="","",VALUE(SUBSTITUTE(TRIM('Raw Data'!H6),"$",""))) -> 15 | I6: =IFERROR(_xlfn.XLOOKUP(UPPER(TRIM('Raw Data'!I6)),'Cleaning Process'!$E$25:$E$29,'Cleaning Process'!$F$25:$F$29),"(unmapped)") -> Paid | J6: =IF(OR(G6="",H6=""),"",G6*H6) -> 150 | K6: =IF(COUNTIF($A$2:A6,A6)>1,"Duplicate","Valid") -> Valid
A7: =UPPER(TRIM('Raw Data'!A7)) -> ORD-006 | B7: =PROPER(TRIM('Raw Data'!B7)) -> Sara O'Neil | C7: =LOWER(TRIM('Raw Data'!C7)) -> sara@email.com | D7: =IFERROR(DATEVALUE(TRIM('Raw Data'!D7)),"") -> 45366 | E7: =IFERROR(_xlfn.XLOOKUP(UPPER(TRIM('Raw Data'!E7)),'Cleaning Process'!$B$25:$B$35,'Cleaning Process'!$C$25:$C$35),"(unmapped)") -> United Kingdom | F7: =PROPER(TRIM('Raw Data'!F7)) -> Widget | G7: =IF('Raw Data'!G7="","",VALUE('Raw Data'!G7)) -> 4 | H7: =IF('Raw Data'!H7="","",VALUE(SUBSTITUTE(TRIM('Raw Data'!H7),"$",""))) -> 12.5 | I7: =IFERROR(_xlfn.XLOOKUP(UPPER(TRIM('Raw Data'!I7)),'Cleaning Process'!$E$25:$E$29,'Cleaning Process'!$F$25:$F$29),"(unmapped)") -> Pending | J7: =IF(OR(G7="",H7=""),"",G7*H7) -> 50 | K7: =IF(COUNTIF($A$2:A7,A7)>1,"Duplicate","Valid") -> Valid
A8: =UPPER(TRIM('Raw Data'!A8)) -> ORD-007 | B8: =PROPER(TRIM('Raw Data'!B8)) -> Tom Brown | C8: =LOWER(TRIM('Raw Data'!C8)) -> tom.brown@email.com | D8: =IFERROR(DATEVALUE(TRIM('Raw Data'!D8)),"") -> 45369 | E8: =IFERROR(_xlfn.XLOOKUP(UPPER(TRIM('Raw Data'!E8)),'Cleaning Process'!$B$25:$B$35,'Cleaning Process'!$C$25:$C$35),"(unmapped)") -> United Kingdom | F8: =PROPER(TRIM('Raw Data'!F8)) -> Widget | G8: =IF('Raw Data'!G8="","",VALUE('Raw Data'!G8)) -> 1 | H8: =IF('Raw Data'!H8="","",VALUE(SUBSTITUTE(TRIM('Raw Data'!H8),"$",""))) -> 12.5 | I8: =IFERROR(_xlfn.XLOOKUP(UPPER(TRIM('Raw Data'!I8)),'Cleaning Process'!$E$25:$E$29,'Cleaning Process'!$F$25:$F$29),"(unmapped)") -> Unpaid | J8: =IF(OR(G8="",H8=""),"",G8*H8) -> 12.5 | K8: =IF(COUNTIF($A$2:A8,A8)>1,"Duplicate","Valid") -> Valid
A9: =UPPER(TRIM('Raw Data'!A9)) -> ORD-008 | B9: =PROPER(TRIM('Raw Data'!B9)) -> Anna Muller | C9: =LOWER(TRIM('Raw Data'!C9)) -> anna.muller@email.com | D9: =IFERROR(DATEVALUE(TRIM('Raw Data'!D9)),"") -> 45371 | E9: =IFERROR(_xlfn.XLOOKUP(UPPER(TRIM('Raw Data'!E9)),'Cleaning Process'!$B$25:$B$35,'Cleaning Process'!$C$25:$C$35),"(unmapped)") -> Germany | F9: =PROPER(TRIM('Raw Data'!F9)) -> Gizmo | G9: =IF('Raw Data'!G9="","",VALUE('Raw Data'!G9)) | H9: =IF('Raw Data'!H9="","",VALUE(SUBSTITUTE(TRIM('Raw Data'!H9),"$",""))) -> 15 | I9: =IFERROR(_xlfn.XLOOKUP(UPPER(TRIM('Raw Data'!I9)),'Cleaning Process'!$E$25:$E$29,'Cleaning Process'!$F$25:$F$29),"(unmapped)") -> Paid | J9: =IF(OR(G9="",H9=""),"",G9*H9) | K9: =IF(COUNTIF($A$2:A9,A9)>1,"Duplicate","Valid") -> Valid
A10: =UPPER(TRIM('Raw Data'!A10)) -> ORD-009 | B10: =PROPER(TRIM('Raw Data'!B10)) -> John Smith | C10: =LOWER(TRIM('Raw Data'!C10)) -> john.smith@email.com | D10: =IFERROR(DATEVALUE(TRIM('Raw Data'!D10)),"") -> 45373 | E10: =IFERROR(_xlfn.XLOOKUP(UPPER(TRIM('Raw Data'!E10)),'Cleaning Process'!$B$25:$B$35,'Cleaning Process'!$C$25:$C$35),"(unmapped)") -> Germany | F10: =PROPER(TRIM('Raw Data'!F10)) -> Gadget | G10: =IF('Raw Data'!G10="","",VALUE('Raw Data'!G10)) -> 6 | H10: =IF('Raw Data'!H10="","",VALUE(SUBSTITUTE(TRIM('Raw Data'!H10),"$",""))) -> 8 | I10: =IFERROR(_xlfn.XLOOKUP(UPPER(TRIM('Raw Data'!I10)),'Cleaning Process'!$E$25:$E$29,'Cleaning Process'!$F$25:$F$29),"(unmapped)") -> Paid | J10: =IF(OR(G10="",H10=""),"",G10*H10) -> 48 | K10: =IF(COUNTIF($A$2:A10,A10)>1,"Duplicate","Valid") -> Valid
A11: =UPPER(TRIM('Raw Data'!A11)) -> ORD-010 | B11: =PROPER(TRIM('Raw Data'!B11)) -> Carlos Ruiz | C11: =LOWER(TRIM('Raw Data'!C11)) -> carlos@email.com | D11: =IFERROR(DATEVALUE(TRIM('Raw Data'!D11)),"") -> 45376 | E11: =IFERROR(_xlfn.XLOOKUP(UPPER(TRIM('Raw Data'!E11)),'Cleaning Process'!$B$25:$B$35,'Cleaning Process'!$C$25:$C$35),"(unmapped)") -> Germany | F11: =PROPER(TRIM('Raw Data'!F11)) -> Gizmo | G11: =IF('Raw Data'!G11="","",VALUE('Raw Data'!G11)) -> 3 | H11: =IF('Raw Data'!H11="","",VALUE(SUBSTITUTE(TRIM('Raw Data'!H11),"$",""))) -> 15 | I11: =IFERROR(_xlfn.XLOOKUP(UPPER(TRIM('Raw Data'!I11)),'Cleaning Process'!$E$25:$E$29,'Cleaning Process'!$F$25:$F$29),"(unmapped)") -> Cancelled | J11: =IF(OR(G11="",H11=""),"",G11*H11) -> 45 | K11: =IF(COUNTIF($A$2:A11,A11)>1,"Duplicate","Valid") -> Valid
A12: =UPPER(TRIM('Raw Data'!A12)) -> ORD-011 | B12: =PROPER(TRIM('Raw Data'!B12)) -> Emma Watson | C12: =LOWER(TRIM('Raw Data'!C12)) -> emma@email.com | D12: =IFERROR(DATEVALUE(TRIM('Raw Data'!D12)),"") -> 45379 | E12: =IFERROR(_xlfn.XLOOKUP(UPPER(TRIM('Raw Data'!E12)),'Cleaning Process'!$B$25:$B$35,'Cleaning Process'!$C$25:$C$35),"(unmapped)") -> Canada | F12: =PROPER(TRIM('Raw Data'!F12)) -> Widget | G12: =IF('Raw Data'!G12="","",VALUE('Raw Data'!G12)) -> 8 | H12: =IF('Raw Data'!H12="","",VALUE(SUBSTITUTE(TRIM('Raw Data'!H12),"$",""))) -> 12.5 | I12: =IFERROR(_xlfn.XLOOKUP(UPPER(TRIM('Raw Data'!I12)),'Cleaning Process'!$E$25:$E$29,'Cleaning Process'!$F$25:$F$29),"(unmapped)") -> Paid | J12: =IF(OR(G12="",H12=""),"",G12*H12) -> 100 | K12: =IF(COUNTIF($A$2:A12,A12)>1,"Duplicate","Valid") -> Valid
A13: =UPPER(TRIM('Raw Data'!A13)) -> ORD-012 | B13: =PROPER(TRIM('Raw Data'!B13)) -> Raj Patel | C13: =LOWER(TRIM('Raw Data'!C13)) -> raj.patel@email.com | D13: =IFERROR(DATEVALUE(TRIM('Raw Data'!D13)),"") -> 45383 | E13: =IFERROR(_xlfn.XLOOKUP(UPPER(TRIM('Raw Data'!E13)),'Cleaning Process'!$B$25:$B$35,'Cleaning Process'!$C$25:$C$35),"(unmapped)") -> Canada | F13: =PROPER(TRIM('Raw Data'!F13)) -> Gadget | G13: =IF('Raw Data'!G13="","",VALUE('Raw Data'!G13)) -> 2 | H13: =IF('Raw Data'!H13="","",VALUE(SUBSTITUTE(TRIM('Raw Data'!H13),"$",""))) -> 8 | I13: =IFERROR(_xlfn.XLOOKUP(UPPER(TRIM('Raw Data'!I13)),'Cleaning Process'!$E$25:$E$29,'Cleaning Process'!$F$25:$F$29),"(unmapped)") -> Pending | J13: =IF(OR(G13="",H13=""),"",G13*H13) -> 16 | K13: =IF(COUNTIF($A$2:A13,A13)>1,"Duplicate","Valid") -> Valid
... A21: =UPPER(TRIM('Raw Data'!A21)) -> ORD-019 | B21: =PROPER(TRIM('Raw Data'!B21)) -> Grace Hall | C21: =LOWER(TRIM('Raw Data'!C21)) -> grace.hall@email.com | D21: =IFERROR(DATEVALUE(TRIM('Raw Data'!D21)),"") -> 45402 | E21: =IFERROR(_xlfn.XLOOKUP(UPPER(TRIM('Raw Data'!E21)),'Cleaning Process'!$B$25:$B$35,'Cleaning Process'!$C$25:$C$35),"(unmapped)") -> Canada | F21: =PROPER(TRIM('Raw Data'!F21)) -> Gizmo | G21: =IF('Raw Data'!G21="","",VALUE('Raw Data'!G21)) -> 2 | H21: =IF('Raw Data'!H21="","",VALUE(SUBSTITUTE(TRIM('Raw Data'!H21),"$",""))) -> 15 | I21: =IFERROR(_xlfn.XLOOKUP(UPPER(TRIM('Raw Data'!I21)),'Cleaning Process'!$E$25:$E$29,'Cleaning Process'!$F$25:$F$29),"(unmapped)") -> Cancelled | J21: =IF(OR(G21="",H21=""),"",G21*H21) -> 30 | K21: =IF(COUNTIF($A$2:A21,A21)>1,"Duplicate","Valid") -> Valid
